{"created":{"nano":0,"second":0,"year":2017,"monthValue":1,"dayOfYear":1,"dayOfWeek":"SUNDAY","month":"JANUARY","dayOfMonth":1,"hour":10,"minute":0,"chronology":{"id":"ISO","calendarType":"iso8601"}},"internal_handle":{"unique_identifier":"d850bde1912da5dfd55da5ad1db981730b9fd62440b42fe219b3d229b8b0b01f","visibility_marker":{"present":true},"interface_identifier":"CID_PEOPLE_identity5"},"external_handle":{"unique_identifier":"CID_PEOPLE_identity5","handle_value":"identity5","handle_space":"CID_PEOPLE"},"containing_person_handle":{"unique_identifier":"241d581b957d9f06d86e8e8f102a4a18352b36e7e36393a4139ca12315cbfdc9","visibility_marker":{"present":true},"interface_identifier":"person1"},"source":"CID","audit_history":null,"identity_type":{"present":false},"identity_subtype":{"present":false},"biometrics":[{"externalHandle":{"present":true},"internalHandle":{"unique_identifier":"d850bde1912da5dfd55da5ad1db981730b9fd62440b42fe219b3d229b8b0b01f","visibility_marker":{"present":true},"interface_identifier":"CID_PEOPLE_identity5"},"biometricReferenceType":"PERSON_IDENTITY","biometricNature":"FACE","biometricReferenceValue":"identity5_face","created":{"nano":0,"second":0,"year":2017,"monthValue":1,"dayOfYear":1,"dayOfWeek":"SUNDAY","month":"JANUARY","dayOfMonth":1,"hour":10,"minute":0,"chronology":{"id":"ISO","calendarType":"iso8601"}},"createdBy":{"present":false},"associated_biometrics":{}}],"descriptions":[],"references":[],"conditions":[],"created_by":{"present":false},"biographic_sets":[],"identity_media_sets":[]}
