{"created":{"nano":0,"second":0,"year":2017,"monthValue":1,"dayOfYear":1,"dayOfWeek":"SUNDAY","month":"JANUARY","dayOfMonth":1,"hour":10,"minute":0,"chronology":{"id":"ISO","calendarType":"iso8601"}},"internal_handle":{"unique_identifier":"49d110e8786058e46fa0df3c61461fc7bb73709cc655b4c821c33d33ad0204cd","visibility_marker":{"present":true},"interface_identifier":"CID_PEOPLE_identity4"},"external_handle":{"unique_identifier":"CID_PEOPLE_identity4","handle_value":"identity4","handle_space":"CID_PEOPLE"},"containing_person_handle":{"unique_identifier":"218e5f432dd9446369895be6e26fd4203b1cbc88af49b5c24fa43566fda895d9","visibility_marker":{"present":true},"interface_identifier":"person2"},"source":"CID","audit_history":null,"identity_type":{"present":false},"identity_subtype":{"present":false},"biometrics":[{"externalHandle":{"present":true},"internalHandle":{"unique_identifier":"49d110e8786058e46fa0df3c61461fc7bb73709cc655b4c821c33d33ad0204cd","visibility_marker":{"present":true},"interface_identifier":"CID_PEOPLE_identity4"},"biometricReferenceType":"PERSON_IDENTITY","biometricNature":"FACE","biometricReferenceValue":"identity4_face","created":{"nano":0,"second":0,"year":2017,"monthValue":1,"dayOfYear":1,"dayOfWeek":"SUNDAY","month":"JANUARY","dayOfMonth":1,"hour":10,"minute":0,"chronology":{"id":"ISO","calendarType":"iso8601"}},"createdBy":{"present":false},"associated_biometrics":{}}],"descriptions":[],"references":[],"conditions":[],"created_by":{"present":false},"biographic_sets":[],"identity_media_sets":[]}
