{"created":{"nano":0,"second":0,"year":2017,"monthValue":1,"dayOfYear":1,"dayOfWeek":"SUNDAY","month":"JANUARY","dayOfMonth":1,"hour":10,"minute":0,"chronology":{"id":"ISO","calendarType":"iso8601"}},"internal_handle":{"unique_identifier":"44df0fbc9582180be98d5b8b4a78fe3734057c91c2923f73786d3863acdd67aa","visibility_marker":{"present":true},"interface_identifier":"CID_PEOPLE_identity1"},"external_handle":{"unique_identifier":"CID_PEOPLE_identity1","handle_value":"identity1","handle_space":"CID_PEOPLE"},"containing_person_handle":{"unique_identifier":"241d581b957d9f06d86e8e8f102a4a18352b36e7e36393a4139ca12315cbfdc9","visibility_marker":{"present":true},"interface_identifier":"person1"},"source":"CID","audit_history":null,"identity_type":{"present":false},"identity_subtype":{"present":false},"biometrics":[{"externalHandle":{"present":true},"internalHandle":{"unique_identifier":"44df0fbc9582180be98d5b8b4a78fe3734057c91c2923f73786d3863acdd67aa","visibility_marker":{"present":true},"interface_identifier":"CID_PEOPLE_identity1"},"biometricReferenceType":"PERSON_IDENTITY","biometricNature":"FACE","biometricReferenceValue":"identity1_face","created":{"nano":0,"second":0,"year":2017,"monthValue":1,"dayOfYear":1,"dayOfWeek":"SUNDAY","month":"JANUARY","dayOfMonth":1,"hour":10,"minute":0,"chronology":{"id":"ISO","calendarType":"iso8601"}},"createdBy":{"present":false},"associated_biometrics":{}}],"descriptions":[],"references":[],"conditions":[],"created_by":{"present":false},"biographic_sets":[],"identity_media_sets":[]}
